[ {
  "@class" : "sample.model.Comets",
  "distanceFromEarth" : 454.856,
  "id" : 3,
  "Period" : 120,
  "title" : "Касандра"
}, {
  "@class" : "sample.model.Planets",
  "distanceFromEarth" : 56523.0,
  "id" : 4,
  "isAtmosphere" : true,
  "radius" : 48,
  "Gravity" : 54
}, {
  "@class" : "sample.model.Stars",
  "distanceFromEarth" : 54665.0,
  "id" : 5,
  "type" : "белая",
  "Density" : 54,
  "Temperature" : 55
}, {
  "@class" : "sample.model.Comets",
  "distanceFromEarth" : 54.0,
  "id" : 6,
  "Period" : 32,
  "title" : "Перта"
}, {
  "@class" : "sample.model.Planets",
  "distanceFromEarth" : 88.785,
  "id" : 7,
  "isAtmosphere" : false,
  "radius" : 58,
  "Gravity" : 78
}, {
  "@class" : "sample.model.Stars",
  "distanceFromEarth" : 458.42,
  "id" : 8,
  "type" : "красная",
  "Density" : 56,
  "Temperature" : 72
}, {
  "@class" : "sample.model.Planets",
  "distanceFromEarth" : 45.0,
  "id" : 9,
  "isAtmosphere" : false,
  "radius" : 82,
  "Gravity" : 54
}, {
  "@class" : "sample.model.Stars",
  "distanceFromEarth" : 447.74,
  "id" : 10,
  "type" : "красная",
  "Density" : 688,
  "Temperature" : 55
}, {
  "@class" : "sample.model.Comets",
  "distanceFromEarth" : 7652.0,
  "id" : 11,
  "Period" : 554,
  "title" : "Галлея"
} ]